FF,AI,AD,AG,FidIn,SPS,COMP
0.9970516,0.0,99.98075,0.0,0.0,0.4997815718344036,9.682779
