FF,AI,AD,AG,FidIn,SPS,COMP
0.99232244,0.0,96.92163,0.0,0.0,0.04535469874100505,10.370962
