FF,AI,AD,AG,FidIn,SPS,COMP
0.9963193,0.0,97.58836,0.0,0.0,0.7897317352583836,9.088491
