FF,AI,AD,AG,FidIn,SPS,COMP
0.009937167,0.0,99.97555,0.0,0.0,0.9982266097418978,4.0073333
