FF,AI,AD,AG,FidIn,SPS,COMP
0.0053147078,0.0,99.87965,0.0,0.0,0.9993676979350714,2.3025851
