FF,AI,AD,AG,FidIn,SPS,COMP
0.90213805,0.0,99.66703,0.0,0.0,0.9846181665529261,6.2005086
