FF,AI,AD,AG,FidIn,SPS,COMP
0.0027956963,100.0,0.0,53.99124,1.0,0.00023569203694596462,10.375489
