FF,AI,AD,AG,FidIn,SPS,COMP
0.0105525255,100.0,0.0,74.79498,1.0,0.00047214579756369075,10.375488
