FF,AI,AD,AG,FidIn,SPS,COMP
0.9970528,0.0,99.98071,0.0,0.0,0.4999998851031768,9.682342
