FF,AI,AD,AG,FidIn,SPS,COMP
0.9969987,0.0,99.98694,0.0,0.0,0.7000060330875457,9.171495
