FF,AI,AD,AG,FidIn,SPS,COMP
0.9801655,0.0,99.601456,0.0,0.0,0.9499732210532611,7.3802567
