FF,AI,AD,AG,FidIn,SPS,COMP
0.2902431,0.0,0.19102834,0.0,1.0,0.5004676992502282,9.681407
