FF,AI,AD,AG,FidIn,SPS,COMP
0.002453506,0.0,98.71533,0.0,0.0,0.7097362189084011,9.39017
