FF,AI,AD,AG,FidIn,SPS,COMP
0.0031104684,0.0,94.84321,0.0,0.0,0.4646771020711481,10.022961
