FF,AI,AD,AG,FidIn,SPS,COMP
3.6001205e-05,0.0,97.98292,0.0,0.0,0.9358144680750843,7.629489
