FF,AI,AD,AG,FidIn,SPS,COMP
1.3113022e-05,0.0,99.55972,0.0,0.0,0.7088321216263265,9.141635
