FF,AI,AD,AG,FidIn,SPS,COMP
2.2292137e-05,0.0,98.85918,0.0,0.0,0.8287795040590205,8.610685
