FF,AI,AD,AG,FidIn,SPS,COMP
0.0022863746,0.0,0.31476638,0.0,1.0,0.02639925045512985,10.374073
