FF,AI,AD,AG,FidIn,SPS,COMP
0.0022784472,0.0,0.31260863,0.0,1.0,0.03356697253422277,10.373566
