FF,AI,AD,AG,FidIn,SPS,COMP
0.9864992,0.0,1.1921389e-05,0.0,1.0,0.0,0.0
