FF,AI,AD,AG,FidIn,SPS,COMP
4.053116e-06,0.0,95.56897,0.0,0.0,0.6990080301084096,9.174817
