FF,AI,AD,AG,FidIn,SPS,COMP
0.28971833,0.0,0.14396866,0.0,1.0,0.4999998851031768,9.682342
