FF,AI,AD,AG,FidIn,SPS,COMP
1.9550323e-05,0.0,98.1415,0.0,0.0,0.9495054246874552,7.3895655
