FF,AI,AD,AG,FidIn,SPS,COMP
0.97442544,0.0,99.99858,0.0,0.0,0.4915775935894845,10.618839
