FF,AI,AD,AG,FidIn,SPS,COMP
0.75828034,0.0,64.1422,0.0,1.0,0.07316691588184396,11.285571
