FF,AI,AD,AG,FidIn,SPS,COMP
0.0036340952,0.0,95.44254,0.0,0.0,0.7412558635490996,10.212734
