FF,AI,AD,AG,FidIn,SPS,COMP
0.07010996,0.0,99.909,0.0,0.0,0.9508689631224424,8.281977
