FF,AI,AD,AG,FidIn,SPS,COMP
0.0024177432,0.0,95.67863,0.0,0.0,0.9957249991493758,5.8348103
