FF,AI,AD,AG,FidIn,SPS,COMP
0.00019407272,0.0,97.10871,0.0,0.0,0.9993666585447194,3.2958367
