FF,AI,AD,AG,FidIn,SPS,COMP
0.19386256,0.0,19.513489,0.0,1.0,0.0009692990489047577,11.295278
