FF,AI,AD,AG,FidIn,SPS,COMP
0.19408065,0.0,19.460981,0.0,1.0,0.0004963325222195623,11.295278
