FF,AI,AD,AG,FidIn,SPS,COMP
0.97174567,0.0,99.99857,0.0,0.0,0.6999910848103685,10.091335
