FF,AI,AD,AG,FidIn,SPS,COMP
0.071946025,0.0,99.90958,0.0,0.0,0.9499863635163406,8.299783
