FF,AI,AD,AG,FidIn,SPS,COMP
0.97442263,0.0,99.998695,0.0,0.0,0.4999936967503286,10.602144
