FF,AI,AD,AG,FidIn,SPS,COMP
0.97000754,0.0,99.95181,0.0,0.0,0.5116640836486053,9.658737
