FF,AI,AD,AG,FidIn,SPS,COMP
0.9704438,0.0,99.999855,0.0,0.0,0.03315349358583088,10.3725395
