FF,AI,AD,AG,FidIn,SPS,COMP
0.9703064,0.0,97.82858,0.0,0.0,0.8254327846681575,8.892966
