FF,AI,AD,AG,FidIn,SPS,COMP
0.010347664,0.0,99.67769,0.0,0.0,0.9947415700449138,5.1239643
