FF,AI,AD,AG,FidIn,SPS,COMP
0.010005772,0.0,99.12165,0.0,0.0,0.9993632821313606,2.1972246
