FF,AI,AD,AG,FidIn,SPS,COMP
-0.00404042,0.0,99.31336,0.0,0.0,0.9992815779069979,2.8332133
