FF,AI,AD,AG,FidIn,SPS,COMP
-0.008924425,100.0,0.0,91.51791,1.0,0.0002972991396701543,10.375489
