FF,AI,AD,AG,FidIn,SPS,COMP
0.025724113,100.0,0.0,94.743004,1.0,0.000595554908829458,10.375488
