FF,AI,AD,AG,FidIn,SPS,COMP
0.95700073,100.0,0.0,0.08091483,1.0,0.0,0.0
