FF,AI,AD,AG,FidIn,SPS,COMP
0.9686177,0.0,99.83543,0.0,0.0,0.9499732210532611,7.3802567
