FF,AI,AD,AG,FidIn,SPS,COMP
0.97006077,0.0,99.95299,0.0,0.0,0.4999998851031768,9.682342
