FF,AI,AD,AG,FidIn,SPS,COMP
0.9700847,0.0,99.943214,0.0,0.0,0.7000060330875457,9.171495
