FF,AI,AD,AG,FidIn,SPS,COMP
0.42173582,100.0,0.0,79.65871,1.0,0.37817777263678415,10.820178
