FF,AI,AD,AG,FidIn,SPS,COMP
0.19612557,0.0,6.457056,0.0,1.0,0.42035938069471074,10.976253
