FF,AI,AD,AG,FidIn,SPS,COMP
0.2106421,0.0,29.13492,0.0,1.0,0.7577741341405989,10.156607
