FF,AI,AD,AG,FidIn,SPS,COMP
0.5209837,0.0,3.635011,0.0,1.0,0.8298872859526757,9.523983
