FF,AI,AD,AG,FidIn,SPS,COMP
0.05633658,0.0,85.10727,0.0,0.0,0.9656739932396103,7.9233484
