FF,AI,AD,AG,FidIn,SPS,COMP
0.17317432,0.0,32.177887,0.0,1.0,0.9015294422805374,8.977271
