FF,AI,AD,AG,FidIn,SPS,COMP
0.19816369,0.0,19.349998,0.0,1.0,0.002479006203778702,11.295261
