FF,AI,AD,AG,FidIn,SPS,COMP
0.1982333,0.0,19.352188,0.0,1.0,0.0028546881545610334,11.295259
