FF,AI,AD,AG,FidIn,SPS,COMP
0.1297751,0.0,45.941257,0.0,1.0,0.923570157261372,8.723883
