FF,AI,AD,AG,FidIn,SPS,COMP
0.62030673,0.0,0.16079974,0.0,1.0,0.6971567122807234,10.100738
