FF,AI,AD,AG,FidIn,SPS,COMP
0.35393387,100.0,0.0,54.942398,1.0,0.49531946517054465,10.611447
