FF,AI,AD,AG,FidIn,SPS,COMP
0.9991342,0.0,99.9359,0.0,0.0,0.49142329233120513,9.699349
