FF,AI,AD,AG,FidIn,SPS,COMP
0.99830645,0.0,99.86723,0.0,0.0,0.05143051840566024,10.370861
