FF,AI,AD,AG,FidIn,SPS,COMP
0.9980958,0.0,99.988754,0.0,0.0,0.7300654345537182,9.328251
