FF,AI,AD,AG,FidIn,SPS,COMP
-7.1525574e-07,0.0,99.299324,0.0,0.0,0.9993676979350714,2.3025851
