FF,AI,AD,AG,FidIn,SPS,COMP
0.99968076,0.0,99.99018,0.0,0.0,0.9585806015513498,7.191429
