FF,AI,AD,AG,FidIn,SPS,COMP
5.1259995e-06,0.0,99.913925,0.0,0.0,0.9965712695050936,4.691348
