FF,AI,AD,AG,FidIn,SPS,COMP
0.0036753416,0.0,0.31344905,0.0,1.0,0.000558765446660156,10.375489
