FF,AI,AD,AG,FidIn,SPS,COMP
0.0036586523,0.0,0.32105494,0.0,1.0,0.00108602217589672,10.375486
