FF,AI,AD,AG,FidIn,SPS,COMP
0.99907655,0.0,99.93253,0.0,0.0,0.4999998851031768,9.682342
