FF,AI,AD,AG,FidIn,SPS,COMP
0.99766964,0.0,99.94789,0.0,0.0,0.7000060330875457,9.171495
