FF,AI,AD,AG,FidIn,SPS,COMP
0.9998124,0.0,99.40278,0.0,0.0,0.9499732210532611,7.3802567
