FF,AI,AD,AG,FidIn,SPS,COMP
0.99654543,0.0,2.656014,0.0,1.0,0.24001992536989422,10.101026
