FF,AI,AD,AG,FidIn,SPS,COMP
0.99496263,0.0,13.875442,0.0,1.0,0.669492498595776,9.53683
