FF,AI,AD,AG,FidIn,SPS,COMP
0.99521446,0.0,7.569689,0.0,1.0,0.5049303768345542,9.937273
