FF,AI,AD,AG,FidIn,SPS,COMP
0.9937914,0.0,20.081161,0.0,1.0,0.7285114899756614,9.071653
