FF,AI,AD,AG,FidIn,SPS,COMP
0.8636322,0.0,14.9921,0.0,1.0,0.9003546421916914,8.069344
