FF,AI,AD,AG,FidIn,SPS,COMP
0.006531656,0.0,99.10907,0.0,0.0,0.9736116271792834,6.7405195
