FF,AI,AD,AG,FidIn,SPS,COMP
0.005211413,0.0,0.046636473,0.0,1.0,0.018513951888119655,10.374769
