FF,AI,AD,AG,FidIn,SPS,COMP
0.005094826,0.0,0.046708003,0.0,1.0,0.019692733987146473,10.374725
