FF,AI,AD,AG,FidIn,SPS,COMP
0.093052626,0.0,96.903336,0.0,0.0,0.9380911679502033,7.5933743
