FF,AI,AD,AG,FidIn,SPS,COMP
0.9955449,0.0,2.4129608,0.0,1.0,0.4821293843703733,9.71746
