FF,AI,AD,AG,FidIn,SPS,COMP
0.99496746,0.0,22.82686,0.0,1.0,0.6907121300865486,9.202005
