FF,AI,AD,AG,FidIn,SPS,COMP
0.9700138,0.0,99.93977,0.0,0.0,0.49017578791623967,9.701799
