FF,AI,AD,AG,FidIn,SPS,COMP
0.97043246,0.0,99.9978,0.0,0.0,0.08825334601276882,10.362172
