FF,AI,AD,AG,FidIn,SPS,COMP
0.97027344,0.0,99.99923,0.0,0.0,0.7210432426121666,9.359309
