FF,AI,AD,AG,FidIn,SPS,COMP
0.10165888,0.0,99.992935,0.0,0.0,0.9970960269969189,4.5217886
