FF,AI,AD,AG,FidIn,SPS,COMP
0.035396993,0.0,99.7014,0.0,0.0,0.9992787847798,1.7917597
