FF,AI,AD,AG,FidIn,SPS,COMP
0.9704432,0.0,99.226906,0.0,0.0,0.9515949124254187,7.3472996
