FF,AI,AD,AG,FidIn,SPS,COMP
-0.02251029,100.0,0.0,78.61956,1.0,0.0004814080337060363,10.375489
