FF,AI,AD,AG,FidIn,SPS,COMP
-0.022901177,100.0,0.0,76.25749,1.0,0.0009454831249853955,10.375488
