FF,AI,AD,AG,FidIn,SPS,COMP
0.9704488,0.0,99.24567,0.0,0.0,0.9499732210532611,7.380256
