FF,AI,AD,AG,FidIn,SPS,COMP
0.96871895,0.0,99.95834,0.0,0.0,0.7000060330875457,9.171495
