FF,AI,AD,AG,FidIn,SPS,COMP
0.97442937,0.0,99.99947,0.0,0.0,0.4974825404270517,10.607155
