FF,AI,AD,AG,FidIn,SPS,COMP
0.92913187,0.0,67.42703,0.0,0.0,0.8670258510713101,9.563053
