FF,AI,AD,AG,FidIn,SPS,COMP
0.7635756,0.0,3.8109927,0.0,1.0,0.03392034142032549,11.292086
