FF,AI,AD,AG,FidIn,SPS,COMP
0.030676484,0.0,80.98973,0.0,0.0,0.9919694231909858,6.46925
