FF,AI,AD,AG,FidIn,SPS,COMP
-0.0051837564,0.0,90.65077,0.0,0.0,0.9992201047540402,2.5649495
