FF,AI,AD,AG,FidIn,SPS,COMP
-0.0017379522,0.0,90.14553,0.0,0.0,0.9991603812529397,4.025352
