FF,AI,AD,AG,FidIn,SPS,COMP
0.20673108,0.0,18.27574,0.0,1.0,4.623060191098608e-05,11.29528
