FF,AI,AD,AG,FidIn,SPS,COMP
0.2189877,0.0,17.211033,0.0,1.0,9.213866162694407e-05,11.29528
