FF,AI,AD,AG,FidIn,SPS,COMP
0.97442937,0.0,99.99949,0.0,0.0,0.4999936967503286,10.602145
