FF,AI,AD,AG,FidIn,SPS,COMP
0.91374636,0.0,82.58105,0.0,0.0,0.9499863635163406,8.299784
