FF,AI,AD,AG,FidIn,SPS,COMP
0.9744287,0.0,99.99958,0.0,0.0,0.6999910848103685,10.091335
