FF,AI,AD,AG,FidIn,SPS,COMP
0.0011413097,0.0,0.0002622603,0.0,1.0,0.5598489438809748,9.554852
