FF,AI,AD,AG,FidIn,SPS,COMP
0.0013914704,0.0,7.47651,0.0,1.0,0.7038118759408188,9.356499
