FF,AI,AD,AG,FidIn,SPS,COMP
0.0064335465,0.0,0.10702008,0.0,1.0,0.5064812665454707,9.94299
