FF,AI,AD,AG,FidIn,SPS,COMP
2.3841858e-06,0.0,97.19817,0.0,0.0,0.9328516564825938,7.674617
