FF,AI,AD,AG,FidIn,SPS,COMP
1.6212463e-05,0.0,4.634014,0.0,1.0,0.7606658855026444,8.945592
