FF,AI,AD,AG,FidIn,SPS,COMP
3.9219856e-05,0.0,0.021153675,0.0,1.0,0.6625809171917518,9.289058
