FF,AI,AD,AG,FidIn,SPS,COMP
0.009246826,0.0,0.032019597,0.0,1.0,0.034653235122739524,10.373108
