FF,AI,AD,AG,FidIn,SPS,COMP
0.011073589,0.0,0.027185662,0.0,1.0,0.047039863111135574,10.37171
