FF,AI,AD,AG,FidIn,SPS,COMP
3.4213066e-05,0.0,0.037670113,0.0,1.0,0.6992263432606809,9.17409
