FF,AI,AD,AG,FidIn,SPS,COMP
2.6226044e-06,0.0,97.515686,0.0,0.0,0.9492247467086307,7.3951063
