FF,AI,AD,AG,FidIn,SPS,COMP
0.030691624,0.0,3.576277e-05,0.0,1.0,0.4999998851031768,9.682342
