FF,AI,AD,AG,FidIn,SPS,COMP
0.99716,0.0,99.98928,0.0,0.0,0.49167279321384544,9.69886
