FF,AI,AD,AG,FidIn,SPS,COMP
0.7225273,0.0,99.21945,0.0,0.0,0.7519055500829298,9.24039
