FF,AI,AD,AG,FidIn,SPS,COMP
0.9946881,0.0,99.6088,0.0,0.0,0.05600315467850076,10.369208
