FF,AI,AD,AG,FidIn,SPS,COMP
-0.000582695,0.0,99.68729,0.0,0.0,0.9970343927980172,4.543295
