FF,AI,AD,AG,FidIn,SPS,COMP
0.0020859241,0.0,99.98898,0.0,0.0,0.9756696922831908,6.659294
