FF,AI,AD,AG,FidIn,SPS,COMP
-5.1796436e-05,0.0,98.740654,0.0,0.0,0.9993656422744628,2.3978953
