FF,AI,AD,AG,FidIn,SPS,COMP
0.00022083521,100.0,0.0,16.16011,1.0,0.0014710148475155119,10.375486
