FF,AI,AD,AG,FidIn,SPS,COMP
0.00023788214,100.0,0.0,17.748665,1.0,0.0007493116294203469,10.375488
