FF,AI,AD,AG,FidIn,SPS,COMP
0.9971521,0.0,99.98816,0.0,0.0,0.4999998851031768,9.682342
