FF,AI,AD,AG,FidIn,SPS,COMP
0.99603045,0.0,99.99151,0.0,0.0,0.7000060330875457,9.171495
