FF,AI,AD,AG,FidIn,SPS,COMP
0.96939254,0.0,99.95617,0.0,0.0,0.9499732210532611,7.3802567
