FF,AI,AD,AG,FidIn,SPS,COMP
0.48174107,0.0,0.19373284,0.0,1.0,0.6634052986311525,10.206401
