FF,AI,AD,AG,FidIn,SPS,COMP
0.24765939,0.0,65.7122,0.0,1.0,0.7763885549340108,10.015485
