FF,AI,AD,AG,FidIn,SPS,COMP
0.39774984,0.0,21.646551,0.0,1.0,0.4086130410258039,11.025252
