FF,AI,AD,AG,FidIn,SPS,COMP
0.025451183,0.0,61.77451,0.0,1.0,0.9646298331570131,7.9533176
