FF,AI,AD,AG,FidIn,SPS,COMP
0.06743288,0.0,41.251804,0.0,1.0,0.8704758623136487,9.251387
