FF,AI,AD,AG,FidIn,SPS,COMP
0.07143581,0.0,5.6798434,0.0,1.0,0.766089128637952,9.842462
