FF,AI,AD,AG,FidIn,SPS,COMP
0.1907978,0.0,19.58626,0.0,1.0,0.006408592557515133,11.295181
