FF,AI,AD,AG,FidIn,SPS,COMP
0.18896908,0.0,20.293644,0.0,1.0,0.017549787949649676,11.29479
