FF,AI,AD,AG,FidIn,SPS,COMP
0.022886515,0.0,59.359474,0.0,1.0,0.9498247606386102,8.303009
