FF,AI,AD,AG,FidIn,SPS,COMP
0.6124613,0.0,0.039361924,0.0,1.0,0.4999936967503286,10.602146
