FF,AI,AD,AG,FidIn,SPS,COMP
0.18075556,0.0,0.74554604,0.0,1.0,0.6999910848103685,10.091335
