FF,AI,AD,AG,FidIn,SPS,COMP
0.9463158,100.0,0.0,0.03496799,1.0,0.0,0.0
