FF,AI,AD,AG,FidIn,SPS,COMP
0.083762944,0.0,98.95403,0.0,0.0,0.12462573317187273,10.242384
