FF,AI,AD,AG,FidIn,SPS,COMP
-0.024241984,0.0,98.802536,0.0,0.0,0.6710260394158014,9.502368
