FF,AI,AD,AG,FidIn,SPS,COMP
-0.027032852,0.0,99.080345,0.0,0.0,0.5324416588840165,9.839166
