FF,AI,AD,AG,FidIn,SPS,COMP
0.036581635,0.0,98.38879,0.0,0.0,0.923027746778235,7.8111634
