FF,AI,AD,AG,FidIn,SPS,COMP
-0.0040447116,0.0,98.13791,0.0,0.0,0.8281245660047946,8.614501
