FF,AI,AD,AG,FidIn,SPS,COMP
-0.014241397,0.0,97.87697,0.0,0.0,0.7968746489858537,8.781553
