FF,AI,AD,AG,FidIn,SPS,COMP
-0.025479615,100.0,0.0,33.726154,1.0,0.03562801147958042,10.372349
