FF,AI,AD,AG,FidIn,SPS,COMP
-0.02599889,100.0,0.0,18.540798,1.0,0.03670721175805363,10.372278
