FF,AI,AD,AG,FidIn,SPS,COMP
0.02908659,0.0,98.126045,0.0,0.0,0.9492247467086307,7.3951063
