FF,AI,AD,AG,FidIn,SPS,COMP
-0.02675265,0.0,99.8963,0.0,0.0,0.4982845665602677,9.685768
