FF,AI,AD,AG,FidIn,SPS,COMP
-0.025625348,0.0,99.96204,0.0,0.0,0.6996005943780987,9.172847
