FF,AI,AD,AG,FidIn,SPS,COMP
0.9699774,100.0,0.0,36.12111,1.0,0.35020577795062746,9.944389
