FF,AI,AD,AG,FidIn,SPS,COMP
0.74032664,100.0,0.0,99.352325,1.0,0.397726663971093,10.034755
