FF,AI,AD,AG,FidIn,SPS,COMP
0.727853,100.0,0.0,95.71136,1.0,0.8115624032320081,8.946397
