FF,AI,AD,AG,FidIn,SPS,COMP
0.96336657,100.0,0.0,96.73177,1.0,0.850080574686065,8.477827
