FF,AI,AD,AG,FidIn,SPS,COMP
0.07111609,100.0,0.0,93.902374,1.0,0.034089843744977824,10.372883
