FF,AI,AD,AG,FidIn,SPS,COMP
0.058975697,100.0,0.0,95.88529,1.0,0.02567511299261426,10.373468
