FF,AI,AD,AG,FidIn,SPS,COMP
0.9701601,100.0,0.0,65.43145,1.0,0.48446845518080134,9.712933
