FF,AI,AD,AG,FidIn,SPS,COMP
0.97007066,100.0,0.0,9.26485,1.0,0.6694421890245352,9.268515
