FF,AI,AD,AG,FidIn,SPS,COMP
0.9398446,0.0,0.60078,0.0,1.0,0.8646763161704327,8.3754
