FF,AI,AD,AG,FidIn,SPS,COMP
0.99944717,0.0,99.875496,0.0,0.0,0.5033057717329241,9.675709
