FF,AI,AD,AG,FidIn,SPS,COMP
0.7992688,0.0,95.94461,0.0,0.0,0.8313611409040457,8.862707
