FF,AI,AD,AG,FidIn,SPS,COMP
0.78656095,0.0,99.90478,0.0,0.0,0.025320100847193105,10.37375
