FF,AI,AD,AG,FidIn,SPS,COMP
0.010267794,0.0,99.672516,0.0,0.0,0.993808824238503,5.2882667
