FF,AI,AD,AG,FidIn,SPS,COMP
-2.1457672e-05,0.0,98.96326,0.0,0.0,0.9990743304682017,1.3862944
