FF,AI,AD,AG,FidIn,SPS,COMP
8.940697e-05,0.0,99.88238,0.0,0.0,0.9991684407205929,3.0910425
