FF,AI,AD,AG,FidIn,SPS,COMP
0.009411395,0.0,0.12630115,0.0,1.0,0.00029135507539527426,10.375488
