FF,AI,AD,AG,FidIn,SPS,COMP
0.024101317,0.0,0.062462118,0.0,1.0,0.0005814042154378111,10.375488
