FF,AI,AD,AG,FidIn,SPS,COMP
0.9823383,0.0,99.64347,0.0,0.0,0.9499732210532611,7.380256
