FF,AI,AD,AG,FidIn,SPS,COMP
0.9994593,0.0,99.885254,0.0,0.0,0.4999998851031768,9.682343
