FF,AI,AD,AG,FidIn,SPS,COMP
0.9998834,0.0,99.98044,0.0,0.0,0.7000060330875457,9.171495
