FF,AI,AD,AG,FidIn,SPS,COMP
0.39049232,0.0,14.212264,0.0,1.0,0.5501495969713844,9.576647
