FF,AI,AD,AG,FidIn,SPS,COMP
0.1268217,0.0,97.91438,0.0,0.0,0.4533468737954949,10.035472
