FF,AI,AD,AG,FidIn,SPS,COMP
0.13314295,0.0,98.6502,0.0,0.0,0.7490732571164136,9.229923
