FF,AI,AD,AG,FidIn,SPS,COMP
0.05110997,0.0,31.030972,0.0,1.0,0.713136009113096,9.126741
