FF,AI,AD,AG,FidIn,SPS,COMP
0.036706984,0.0,97.105255,0.0,0.0,0.9374986173689435,7.602899
