FF,AI,AD,AG,FidIn,SPS,COMP
0.06756002,0.0,97.970085,0.0,0.0,0.8437495119770699,8.51919
