FF,AI,AD,AG,FidIn,SPS,COMP
0.0070652366,0.0,0.045178637,0.0,1.0,0.04062926919381776,10.372473
