FF,AI,AD,AG,FidIn,SPS,COMP
0.0042718053,100.0,0.0,30.834082,1.0,0.032647425259417676,10.373138
