FF,AI,AD,AG,FidIn,SPS,COMP
0.030811012,0.0,96.46215,0.0,0.0,0.9492247467086307,7.3951063
