FF,AI,AD,AG,FidIn,SPS,COMP
0.98380446,100.0,0.0,0.034865394,1.0,0.0,0.0
