FF,AI,AD,AG,FidIn,SPS,COMP
0.09991372,0.0,15.065196,0.0,1.0,0.6986337789894713,9.176062
