FF,AI,AD,AG,FidIn,SPS,COMP
0.7303908,0.0,10.832999,0.0,1.0,0.4997503842245711,9.68284
