FF,AI,AD,AG,FidIn,SPS,COMP
0.9942651,0.0,99.4955,0.0,0.0,0.4981286285106238,9.686079
