FF,AI,AD,AG,FidIn,SPS,COMP
0.996632,0.0,41.751205,0.0,1.0,0.03594583705269019,10.3718605
