FF,AI,AD,AG,FidIn,SPS,COMP
0.06786704,0.0,99.73416,0.0,0.0,0.8681671650175938,8.631496
