FF,AI,AD,AG,FidIn,SPS,COMP
2.6226044e-06,0.0,99.74849,0.0,0.0,0.9992815779069979,2.8332133
