FF,AI,AD,AG,FidIn,SPS,COMP
1.1920929e-06,0.0,99.99722,0.0,0.0,0.9974343609784417,4.394449
