FF,AI,AD,AG,FidIn,SPS,COMP
0.056946695,0.0,99.24595,0.0,0.0,0.978974939168604,6.5132303
