FF,AI,AD,AG,FidIn,SPS,COMP
0.004789531,0.0,0.026935322,0.0,1.0,0.0003811023742768665,10.375489
