FF,AI,AD,AG,FidIn,SPS,COMP
0.002333045,0.0,0.048017472,0.0,1.0,0.0001901675396932138,10.375489
