FF,AI,AD,AG,FidIn,SPS,COMP
0.99929553,0.0,98.304436,0.0,0.0,0.9499732210532611,7.380256
