FF,AI,AD,AG,FidIn,SPS,COMP
0.99451077,0.0,99.48019,0.0,0.0,0.7000060330875457,9.171495
