FF,AI,AD,AG,FidIn,SPS,COMP
0.9978876,0.0,99.77619,0.0,0.0,0.4964444975714264,9.689426
