FF,AI,AD,AG,FidIn,SPS,COMP
0.0500952,0.0,1.0934705,0.0,1.0,0.06301198612345522,10.368229
