FF,AI,AD,AG,FidIn,SPS,COMP
0.00014424324,0.0,98.821396,0.0,0.0,0.753134205459457,9.250607
