FF,AI,AD,AG,FidIn,SPS,COMP
0.0,0.0,98.65378,0.0,0.0,0.9934354952831234,5.347108
