FF,AI,AD,AG,FidIn,SPS,COMP
0.0012335777,0.0,0.08756513,0.0,1.0,0.0016487742597139391,10.375481
