FF,AI,AD,AG,FidIn,SPS,COMP
0.0013763905,0.0,0.08281465,0.0,1.0,0.003243932270574255,10.37547
