FF,AI,AD,AG,FidIn,SPS,COMP
0.9905899,0.0,98.77254,0.0,0.0,0.7000060330875457,9.171495
