FF,AI,AD,AG,FidIn,SPS,COMP
0.9974036,0.0,99.73353,0.0,0.0,0.4999998851031768,9.682342
