FF,AI,AD,AG,FidIn,SPS,COMP
0.9537914,0.0,0.0,0.0,1.0,0.43247870584659664,9.809012
