FF,AI,AD,AG,FidIn,SPS,COMP
0.7728503,0.0,0.0054359403,0.0,1.0,0.7032807006754412,9.362324
