FF,AI,AD,AG,FidIn,SPS,COMP
0.87221825,0.0,0.0037670115,0.0,1.0,0.5011084697691381,9.932325
