FF,AI,AD,AG,FidIn,SPS,COMP
0.9022579,0.0,0.18874395,0.0,1.0,0.7442924071762628,9.011767
