FF,AI,AD,AG,FidIn,SPS,COMP
0.97236854,0.0,0.0031232815,0.0,1.0,0.7088944968083102,9.141418
