FF,AI,AD,AG,FidIn,SPS,COMP
0.0017546415,0.0,0.024634585,0.0,1.0,0.016669421185411235,10.374912
