FF,AI,AD,AG,FidIn,SPS,COMP
0.0015746355,0.0,0.022000061,0.0,1.0,0.01853181363150801,10.374844
