FF,AI,AD,AG,FidIn,SPS,COMP
0.9537914,0.0,0.0,0.0,1.0,0.48318976313899087,9.715408
