FF,AI,AD,AG,FidIn,SPS,COMP
0.9735838,0.0,0.0029444676,0.0,1.0,0.685815677611783,9.217712
