FF,AI,AD,AG,FidIn,SPS,COMP
0.007806599,0.0,0.010812276,0.0,1.0,0.902007569210888,8.052614
