FF,AI,AD,AG,FidIn,SPS,COMP
0.99703836,100.0,0.0,95.12587,1.0,0.3381673580508245,9.962748
