FF,AI,AD,AG,FidIn,SPS,COMP
0.99500346,0.0,18.361341,0.0,1.0,0.49081203001708124,9.951693
