FF,AI,AD,AG,FidIn,SPS,COMP
0.9957117,0.0,53.466576,0.0,1.0,0.6762988825461306,9.500793
