FF,AI,AD,AG,FidIn,SPS,COMP
0.9970743,0.0,36.92269,0.0,1.0,0.8260661891610555,8.626407
