FF,AI,AD,AG,FidIn,SPS,COMP
0.5984927,0.0,53.42156,0.0,1.0,0.9323838525255803,7.681561
