FF,AI,AD,AG,FidIn,SPS,COMP
0.041302264,100.0,0.0,66.57547,1.0,0.01583777587198561,10.374983
