FF,AI,AD,AG,FidIn,SPS,COMP
0.0382694,100.0,0.0,64.90411,1.0,0.013964545353944955,10.37504
