FF,AI,AD,AG,FidIn,SPS,COMP
0.9971747,100.0,0.0,19.4331,1.0,0.48952084809721075,9.703085
