FF,AI,AD,AG,FidIn,SPS,COMP
0.99638313,0.0,1.0377281,0.0,1.0,0.6857844900159323,9.217812
